src,dst
0,7
0,138
0,240
0,309
0,345
1,31
1,61
1,62
1,68
1,71
1,80
1,109
1,110
1,114
1,117
1,147
1,148
1,170
1,198
1,252
1,258
1,259
1,263
1,269
1,361
1,392
2,18
2,115
2,179
2,193
2,215
2,240
2,336
3,33
3,64
3,73
3,77
3,89
3,94
3,135
3,172
3,185
3,186
3,204
3,205
3,207
3,209
3,227
3,258
3,260
3,302
3,318
3,372
3,399
4,9
4,17
4,28
4,57
4,61
4,65
4,67
4,74
4,108
4,122
4,123
4,145
4,152
4,185
4,207
4,236
4,246
4,267
4,289
4,291
4,301
4,314
4,321
4,322
4,335
4,349
4,351
4,368
4,374
4,376
4,380
5,43
5,173
5,292
5,336
5,381
6,18
6,29
6,49
6,91
6,215
6,255
6,308
6,313
6,337
7,53
7,54
7,122
7,164
7,206
7,214
7,255
7,330
7,337
7,342
7,363
8,38
8,62
8,96
8,106
8,118
8,121
8,154
8,174
8,190
8,205
8,207
8,208
8,220
8,236
8,260
8,271
8,277
8,310
8,316
9,14
9,21
9,46
9,56
9,66
9,84
9,112
9,119
9,146
9,170
9,182
9,183
9,191
9,231
9,262
9,263
9,303
9,314
9,338
9,351
9,364
9,397
10,15
10,21
10,27
10,32
10,34
10,67
10,69
10,70
10,88
10,110
10,134
10,138
10,146
10,153
10,167
10,172
10,187
10,189
10,206
10,211
10,246
10,249
10,253
10,260
10,266
10,269
10,270
10,288
10,302
10,315
10,317
10,319
10,323
10,380
10,383
10,398
11,15
11,115
11,161
11,205
11,211
11,259
11,275
11,277
11,282
11,292
11,306
11,390
11,398
12,49
12,57
12,60
12,74
12,89
12,96
12,108
12,123
12,126
12,140
12,153
12,165
12,186
12,194
12,209
12,231
12,268
12,276
12,305
12,313
13,23
13,158
13,159
13,181
13,197
13,211
13,386
14,50
14,62
14,73
14,77
14,88
14,91
14,120
14,129
14,137
14,139
14,148
14,162
14,171
14,175
14,224
14,242
14,254
14,257
14,259
14,281
14,282
14,318
14,331
14,335
14,338
14,350
14,352
14,362
14,364
14,366
14,398
14,399
15,19
15,30
15,46
15,49
15,64
15,98
15,132
15,133
15,164
15,197
15,230
15,247
15,248
15,285
15,288
15,291
15,299
15,303
15,308
15,362
15,372
15,393
15,396
16,17
16,29
16,34
16,153
16,155
16,163
16,183
16,228
16,249
16,258
16,285
16,351
16,355
16,364
16,373
16,393
16,394
16,397
17,26
17,38
17,118
17,134
17,152
17,175
17,183
17,195
17,221
17,231
17,248
17,263
17,268
17,285
17,394
18,150
18,170
18,304
18,345
19,27
19,31
19,46
19,53
19,62
19,65
19,71
19,93
19,97
19,110
19,138
19,156
19,157
19,185
19,195
19,198
19,248
19,252
19,278
19,291
19,309
19,316
19,318
19,325
19,336
19,340
19,358
19,367
19,380
19,391
20,178
20,179
20,236
20,254
20,297
20,300
20,308
20,324
21,36
21,46
21,69
21,71
21,144
21,156
21,187
21,212
21,226
21,231
21,244
21,289
21,326
21,334
21,355
21,393
22,102
22,103
22,111
22,119
22,173
22,213
22,274
22,341
23,151
23,245
23,266
23,290
23,294
23,296
23,300
23,326
23,354
24,147
24,180
24,215
24,298
24,330
25,36
25,61
25,70
25,73
25,94
25,157
25,203
25,205
25,229
25,275
25,307
25,315
25,318
25,329
25,334
25,351
25,362
25,378
25,381
25,392
26,36
26,47
26,62
26,74
26,122
26,131
26,136
26,141
26,145
26,163
26,172
26,183
26,199
26,263
26,270
26,280
26,285
26,300
26,311
26,343
26,353
26,381
27,32
27,62
27,69
27,80
27,107
27,123
27,164
27,176
27,202
27,206
27,236
27,246
27,265
27,272
27,281
27,336
27,338
27,343
27,358
27,371
28,51
28,85
28,113
28,145
28,191
28,198
28,204
28,207
28,230
28,246
28,252
28,254
28,323
29,34
29,39
29,59
29,76
29,110
29,120
29,127
29,129
29,133
29,146
29,153
29,170
29,220
29,228
29,247
29,262
29,267
29,273
29,274
29,277
29,283
29,301
29,328
29,359
29,364
29,393
29,395
30,122
30,149
30,166
30,227
30,232
30,279
30,295
31,32
31,73
31,205
31,218
31,377
31,398
32,53
32,90
32,134
32,138
32,162
32,183
32,204
32,209
32,263
32,279
32,313
32,323
32,352
32,374
32,378
33,70
33,96
33,98
33,101
33,137
33,144
33,156
33,163
33,185
33,195
33,196
33,203
33,227
33,229
33,274
33,311
33,317
33,345
33,368
33,371
33,377
33,398
34,39
34,50
34,58
34,74
34,92
34,106
34,129
34,152
34,156
34,170
34,195
34,204
34,224
34,253
34,288
34,291
34,293
34,307
34,323
34,335
34,374
34,399
35,36
35,39
35,53
35,61
35,81
35,107
35,128
35,145
35,153
35,157
35,168
35,176
35,191
35,259
35,274
35,288
35,299
35,308
35,322
35,323
35,328
35,329
35,343
35,378
35,380
36,37
36,45
36,47
36,70
36,74
36,123
36,130
36,141
36,153
36,163
36,186
36,191
36,206
36,212
36,228
36,230
36,246
36,249
36,250
36,252
36,268
36,280
36,314
36,315
36,334
36,339
36,359
36,375
36,387
36,388
36,393
37,39
37,56
37,78
37,97
37,102
37,121
37,132
37,210
37,226
37,238
37,244
37,246
37,248
37,252
37,272
37,275
37,284
37,286
37,295
37,351
37,383
37,390
37,391
37,397
38,46
38,60
38,62
38,67
38,76
38,84
38,95
38,103
38,108
38,111
38,128
38,133
38,164
38,187
38,212
38,221
38,233
38,239
38,247
38,250
38,277
38,306
38,316
38,321
38,327
38,334
38,354
38,363
38,377
39,46
39,59
39,71
39,76
39,108
39,118
39,134
39,146
39,147
39,163
39,182
39,195
39,196
39,209
39,233
39,252
39,280
39,291
39,322
39,359
39,377
40,48
40,56
40,107
40,140
40,147
40,153
40,158
40,165
40,169
40,217
40,280
40,302
40,314
40,322
40,353
40,368
40,377
40,397
41,91
41,115
41,182
41,245
41,294
41,330
42,72
42,180
42,275
42,309
42,344
42,360
42,379
43,70
43,92
43,102
43,113
43,140
43,155
43,163
43,170
43,198
43,220
43,222
43,284
43,289
43,333
43,350
43,351
43,352
43,362
43,369
43,371
43,399
44,45
44,240
44,274
44,313
44,369
45,46
45,52
45,86
45,89
45,93
45,180
45,205
45,206
45,241
45,249
45,251
45,297
45,300
45,306
46,55
46,56
46,76
46,83
46,85
46,94
46,101
46,108
46,111
46,126
46,153
46,183
46,199
46,207
46,221
46,224
46,271
46,283
46,291
46,310
46,350
46,367
46,380
47,49
47,85
47,107
47,111
47,118
47,132
47,146
47,148
47,156
47,165
47,184
47,194
47,258
47,265
47,276
47,278
47,280
47,299
47,300
47,321
47,328
47,329
47,331
47,343
47,347
47,355
48,62
48,67
48,76
48,93
48,127
48,139
48,141
48,185
48,186
48,187
48,203
48,205
48,220
48,224
48,227
48,251
48,259
48,262
48,266
48,272
48,312
48,354
48,362
49,98
49,107
49,118
49,119
49,122
49,130
49,145
49,171
49,176
49,195
49,198
49,224
49,246
49,260
49,265
49,266
49,277
49,280
49,282
49,303
49,321
49,363
49,365
50,76
50,101
50,110
50,114
50,118
50,147
50,152
50,174
50,176
50,263
50,284
50,301
50,325
50,348
50,378
51,58
51,70
51,102
51,111
51,114
51,125
51,127
51,134
51,137
51,169
51,201
51,212
51,254
51,267
51,274
51,285
51,286
51,291
51,293
51,308
51,311
51,331
51,354
51,358
51,360
51,399
52,57
52,71
52,72
52,109
52,200
52,278
52,337
52,389
53,110
53,112
53,122
53,123
53,126
53,136
53,153
53,155
53,156
53,166
53,192
53,196
53,203
53,204
53,216
53,222
53,231
53,238
53,258
53,273
53,292
53,310
53,328
53,353
53,378
53,390
53,397
54,108
54,137
54,138
54,184
54,324
54,349
54,356
54,382
55,82
55,83
55,124
55,214
55,240
55,285
55,296
55,354
56,59
56,76
56,93
56,108
56,125
56,130
56,143
56,164
56,175
56,212
56,243
56,244
56,306
56,340
56,357
56,361
56,382
56,388
57,84
57,95
57,100
57,110
57,111
57,130
57,152
57,189
57,195
57,202
57,225
57,266
57,284
57,303
57,354
57,355
58,93
58,95
58,98
58,119
58,128
58,133
58,137
58,187
58,194
58,205
58,224
58,226
58,246
58,254
58,264
58,266
58,268
58,328
58,349
58,358
58,364
59,83
59,84
59,88
59,118
59,139
59,145
59,148
59,156
59,167
59,222
59,226
59,335
59,388
60,93
60,95
60,106
60,148
60,195
60,222
60,243
60,270
60,274
60,325
60,329
60,340
60,383
60,390
60,394
61,64
61,83
61,84
61,93
61,114
61,143
61,189
61,204
61,206
61,207
61,221
61,230
61,231
61,243
61,248
61,262
61,278
61,296
61,355
62,65
62,95
62,97
62,101
62,107
62,125
62,171
62,174
62,203
62,220
62,226
62,242
62,256
62,258
62,280
62,285
62,288
62,291
62,329
62,335
62,348
62,381
62,392
63,79
63,117
63,159
63,164
63,178
63,197
63,225
63,255
63,375
64,88
64,96
64,112
64,114
64,119
64,123
64,154
64,165
64,174
64,191
64,192
64,204
64,227
64,233
64,236
64,239
64,243
64,247
64,270
64,385
65,75
65,112
65,135
65,149
65,176
65,205
65,219
65,223
65,258
65,260
65,288
65,291
65,332
65,349
65,358
65,377
66,90
66,95
66,113
66,125
66,132
66,144
66,146
66,170
66,185
66,191
66,196
66,205
66,212
66,213
66,216
66,217
66,228
66,243
66,244
66,282
66,299
66,301
66,307
66,330
66,335
66,336
66,350
66,380
66,383
67,85
67,90
67,95
67,119
67,173
67,174
67,187
67,216
67,217
67,222
67,238
67,247
67,311
67,395
68,107
68,137
68,211
68,222
68,239
68,243
68,246
68,275
68,282
68,316
68,317
68,323
68,365
68,374
68,395
69,113
69,132
69,165
69,177
69,185
69,217
69,239
69,249
69,252
69,284
69,287
69,308
69,311
69,314
69,318
69,322
69,335
69,394
70,74
70,83
70,95
70,96
70,98
70,106
70,107
70,114
70,129
70,148
70,170
70,185
70,222
70,238
70,280
70,287
70,303
70,358
71,87
71,89
71,149
71,189
71,192
71,195
71,216
71,221
71,231
71,236
71,243
71,246
71,258
71,268
71,270
71,271
71,273
71,275
71,277
71,291
71,318
71,323
71,330
71,335
71,343
71,347
71,349
72,115
72,142
72,194
72,240
72,342
73,139
73,157
73,187
73,195
73,205
73,209
73,212
73,229
73,230
73,231
73,247
73,252
73,253
73,257
73,262
73,263
73,288
73,301
73,306
73,329
73,331
73,337
73,359
73,373
73,393
73,398
74,75
74,81
74,83
74,84
74,89
74,163
74,165
74,198
74,202
74,225
74,226
74,242
74,271
74,277
74,281
74,283
74,305
74,327
75,76
75,94
75,108
75,130
75,171
75,203
75,217
75,285
75,291
75,293
75,310
75,313
75,318
75,334
75,343
75,355
75,359
75,366
75,371
75,378
75,383
76,81
76,84
76,89
76,96
76,99
76,144
76,161
76,168
76,175
76,183
76,219
76,226
76,242
76,247
76,253
76,263
76,270
76,286
76,311
76,331
76,332
76,349
76,352
76,353
76,359
76,384
76,394
76,397
77,98
77,119
77,124
77,126
77,130
77,132
77,164
77,207
77,229
77,258
77,260
77,277
77,304
77,321
77,332
77,340
77,349
77,352
77,373
78,87
78,88
78,129
78,134
78,145
78,160
78,176
78,183
78,185
78,189
78,209
78,212
78,224
78,236
78,243
78,248
78,267
78,280
78,282
78,307
78,313
78,327
78,353
78,378
78,380
78,393
79,133
79,157
79,199
79,200
79,326
79,342
80,88
80,94
80,129
80,160
80,179
80,205
80,206
80,227
80,243
80,247
80,248
80,263
80,265
80,271
80,280
80,327
80,350
80,386
80,390
81,83
81,89
81,92
81,96
81,118
81,148
81,152
81,169
81,191
81,199
81,208
81,228
81,230
81,246
81,249
81,252
81,284
81,309
81,310
81,322
81,397
82,219
82,241
82,256
82,292
82,297
83,89
83,122
83,148
83,155
83,162
83,168
83,171
83,194
83,202
83,229
83,233
83,268
83,269
83,274
83,276
83,332
83,343
83,352
83,365
83,396
84,93
84,111
84,130
84,145
84,147
84,153
84,162
84,172
84,186
84,251
84,281
84,318
84,338
84,368
84,388
85,88
85,90
85,92
85,102
85,118
85,144
85,153
85,160
85,176
85,195
85,219
85,254
85,306
85,338
85,354
86,105
86,142
86,220
86,279
86,290
86,294
86,298
86,333
86,344
86,379
87,89
87,106
87,128
87,149
87,163
87,244
87,259
87,277
87,336
87,348
87,350
87,361
87,383
88,96
88,112
88,139
88,140
88,175
88,196
88,212
88,222
88,227
88,241
88,248
88,271
88,280
88,282
88,285
88,303
88,310
88,331
88,332
88,333
88,388
89,119
89,128
89,129
89,154
89,181
89,196
89,270
89,282
89,307
89,325
89,347
89,350
89,395
90,92
90,111
90,152
90,162
90,175
90,176
90,183
90,227
90,233
90,238
90,243
90,252
90,258
90,263
90,272
90,284
90,285
90,293
90,334
90,362
90,380
91,98
91,106
91,108
91,122
91,152
91,160
91,174
91,182
91,198
91,207
91,211
91,232
91,234
91,273
91,288
91,306
91,355
91,380
91,393
92,102
92,137
92,146
92,149
92,160
92,168
92,170
92,202
92,207
92,239
92,252
92,275
92,280
92,285
92,286
92,309
92,314
92,316
92,322
92,374
92,377
92,383
92,388
92,394
92,398
93,106
93,111
93,118
93,137
93,139
93,183
93,228
93,233
93,247
93,259
93,270
93,282
93,285
93,291
93,314
93,343
93,349
93,350
93,374
93,392
93,399
94,102
94,119
94,172
94,198
94,199
94,216
94,222
94,226
94,230
94,234
94,306
94,331
94,361
94,362
94,374
94,388
95,99
95,101
95,102
95,113
95,127
95,172
95,174
95,175
95,189
95,211
95,314
95,321
95,325
95,334
95,349
95,351
95,378
95,388
95,395
96,114
96,132
96,139
96,150
96,152
96,155
96,172
96,179
96,198
96,202
96,238
96,281
96,285
96,287
96,299
96,322
96,349
96,353
96,358
96,377
97,130
97,133
97,194
97,216
97,253
97,258
97,260
97,291
97,394
98,102
98,112
98,140
98,160
98,196
98,206
98,239
98,258
98,275
98,281
98,287
98,308
98,321
98,331
98,358
98,363
99,190
99,282
99,292
99,332
99,399
100,136
100,232
100,320
100,361
101,122
101,135
101,139
101,141
101,153
101,170
101,176
101,207
101,216
101,224
101,243
101,244
101,278
101,285
101,306
101,307
101,322
101,338
101,340
101,384
101,392
101,399
102,123
102,124
102,133
102,136
102,148
102,156
102,179
102,187
102,196
102,206
102,222
102,228
102,238
102,243
102,250
102,262
102,283
102,288
102,291
102,348
102,354
103,246
103,326
103,381
104,180
104,186
104,240
104,261
104,300
104,342
104,357
104,379
104,382
105,176
105,200
105,255
105,312
106,114
106,120
106,124
106,143
106,145
106,149
106,157
106,192
106,195
106,225
106,227
106,248
106,262
106,266
106,273
106,283
106,284
106,321
106,347
106,355
106,362
106,377
106,392
107,130
107,158
107,209
107,219
107,243
107,249
107,250
107,276
107,309
107,322
107,325
107,329
107,334
107,350
108,110
108,123
108,126
108,127
108,152
108,182
108,198
108,206
108,210
108,211
108,246
108,250
108,258
108,267
108,283
108,289
108,295
108,301
108,325
108,328
108,353
108,355
108,363
108,383
108,384
108,390
109,120
109,139
109,192
109,225
109,286
110,111
110,122
110,125
110,140
110,204
110,208
110,222
110,238
110,244
110,259
110,262
110,266
110,274
110,291
110,314
110,347
110,395
111,143
111,165
111,166
111,208
111,219
111,238
111,248
111,267
111,286
111,302
111,311
111,314
111,315
111,349
111,350
111,361
111,390
111,399
112,122
112,140
112,158
112,175
112,206
112,209
112,244
112,250
112,273
112,276
112,285
112,305
112,316
112,317
112,318
112,354
112,362
112,369
112,373
113,141
113,160
113,176
113,189
113,224
113,229
113,243
113,257
113,267
113,284
113,301
113,340
113,341
113,350
113,355
114,176
114,205
114,209
114,211
114,248
114,293
114,325
114,334
114,335
114,364
114,368
114,392
115,208
115,214
115,215
115,247
115,263
115,290
115,366
116,138
116,229
116,255
116,258
116,300
116,314
116,345
117,150
117,163
117,164
117,338
117,357
117,369
117,379
118,122
118,141
118,164
118,263
118,273
118,325
118,336
118,348
118,375
118,393
118,397
119,126
119,139
119,163
119,171
119,185
119,203
119,209
119,222
119,236
119,251
119,259
119,268
119,308
119,314
119,316
119,340
119,390
120,123
120,124
120,156
120,205
120,210
120,227
120,262
120,271
120,284
120,301
120,332
120,352
120,354
120,359
120,361
120,367
120,372
121,127
121,141
121,155
121,175
121,194
121,229
121,242
121,246
121,269
121,309
121,310
121,327
121,340
121,363
122,145
122,156
122,157
122,170
122,171
122,194
122,206
122,244
122,258
122,263
122,264
122,283
122,288
122,295
122,340
122,350
122,363
123,143
123,155
123,207
123,229
123,253
123,293
123,303
123,311
123,351
123,364
123,374
123,392
123,393
123,398
123,399
124,139
124,141
124,160
124,202
124,206
124,210
124,217
124,219
124,241
124,248
124,271
124,274
124,288
124,301
124,302
124,306
124,309
124,318
124,349
124,351
124,358
124,362
124,363
124,367
124,399
125,140
125,154
125,171
125,172
125,176
125,204
125,205
125,208
125,219
125,246
125,265
125,283
125,328
125,380
125,394
126,144
126,147
126,148
126,149
126,160
126,183
126,230
126,289
126,310
126,329
126,367
127,141
127,162
127,196
127,199
127,208
127,211
127,221
127,268
127,277
127,284
127,305
127,335
127,383
128,129
128,141
128,151
128,175
128,180
128,191
128,227
128,252
128,270
128,307
128,318
128,343
128,349
128,362
128,373
128,383
128,384
128,399
129,148
129,196
129,203
129,211
129,224
129,236
129,243
129,244
129,257
129,292
129,299
129,301
129,302
129,313
129,330
129,331
129,342
129,353
129,355
129,371
129,373
129,380
129,399
130,134
130,139
130,191
130,202
130,222
130,246
130,260
130,273
130,276
130,283
130,288
130,291
130,299
130,323
130,329
130,359
130,390
131,190
131,385
132,174
132,198
132,199
132,208
132,210
132,246
132,271
132,273
132,301
132,314
132,335
132,353
132,363
132,375
132,380
133,160
133,183
133,195
133,196
133,203
133,211
133,220
133,257
133,268
133,293
133,301
133,302
133,306
133,311
133,327
133,397
133,398
133,399
134,141
134,229
134,248
134,265
134,291
134,306
134,320
134,327
134,378
134,384
134,393
134,395
135,186
135,222
135,228
135,236
135,270
135,272
135,274
135,317
135,338
135,348
136,161
136,192
136,245
136,256
136,292
136,304
137,146
137,148
137,168
137,182
137,187
137,207
137,249
137,260
137,280
137,336
137,351
137,368
137,374
137,398
138,285
138,290
138,304
138,366
138,396
139,145
139,174
139,182
139,195
139,198
139,227
139,255
139,268
139,274
139,291
139,299
139,309
139,321
139,327
139,338
139,350
139,361
139,363
139,372
140,141
140,145
140,154
140,157
140,253
140,283
140,293
140,303
141,168
141,171
141,248
141,253
141,259
141,260
141,266
141,267
141,268
141,280
141,308
141,312
141,313
141,317
141,352
141,374
141,384
141,394
142,304
142,376
143,171
143,211
143,220
143,226
143,228
143,238
143,314
143,315
143,334
143,349
143,375
143,390
144,149
144,170
144,228
144,234
144,250
144,266
144,283
144,288
144,291
144,314
144,318
144,334
144,335
144,346
144,361
144,390
145,163
145,170
145,192
145,203
145,207
145,257
145,275
145,319
145,374
145,399
146,163
146,178
146,195
146,199
146,213
146,249
146,251
146,253
146,259
146,262
146,263
146,267
146,269
146,271
146,277
146,280
146,281
146,302
146,305
146,311
146,327
146,334
146,355
146,374
147,154
147,157
147,206
147,216
147,276
147,282
147,289
147,325
147,362
147,364
147,388
148,153
148,155
148,167
148,208
148,226
148,227
148,239
148,242
148,250
148,266
148,271
148,276
148,280
148,292
148,309
148,327
148,334
148,349
148,365
148,368
148,371
149,173
149,177
149,183
149,185
149,204
149,211
149,227
149,239
149,258
149,271
149,276
149,299
149,301
149,314
149,329
149,347
149,351
149,354
149,364
149,371
149,372
149,383
150,214
150,222
150,256
150,297
150,300
150,303
150,346
151,355
151,379
151,382
151,386
152,189
152,227
152,229
152,252
152,262
152,273
152,280
152,285
152,288
152,305
152,306
152,318
152,328
152,355
152,358
152,359
152,380
152,384
152,399
153,160
153,176
153,185
153,208
153,211
153,231
153,242
153,261
153,263
153,284
153,288
153,292
153,312
153,322
153,331
153,348
153,352
153,354
153,363
154,187
154,209
154,220
154,229
154,233
154,248
154,274
154,275
154,321
154,336
154,353
154,371
154,373
155,187
155,207
155,250
155,258
155,277
155,303
155,327
156,163
156,175
156,179
156,191
156,212
156,230
156,233
156,236
156,242
156,244
156,265
156,294
156,316
156,321
156,322
156,354
156,365
156,390
156,395
157,165
157,186
157,222
157,224
157,226
157,238
157,249
157,254
157,258
157,291
157,299
157,302
157,314
157,343
157,353
157,367
158,237
158,308
158,332
158,357
158,379
159,171
159,196
159,239
159,279
159,294
159,366
159,369
160,216
160,217
160,219
160,246
160,276
160,287
160,295
160,305
160,309
160,318
160,328
160,332
160,347
160,348
161,292
161,331
162,210
162,220
162,248
162,258
162,270
162,274
162,293
162,311
162,312
162,321
162,325
162,350
162,361
162,373
162,394
162,395
162,399
163,191
163,211
163,226
163,244
163,247
163,259
163,321
163,323
163,340
163,350
163,361
163,369
163,375
164,195
164,208
164,210
164,215
164,248
164,265
164,308
164,314
164,331
164,343
164,354
164,359
164,361
164,393
165,170
165,172
165,202
165,204
165,232
165,250
165,260
165,270
165,273
165,311
165,371
165,378
165,390
166,168
166,180
166,184
166,214
166,324
166,330
166,387
167,184
167,205
167,245
167,286
167,304
167,353
168,171
168,187
168,216
168,220
168,224
168,229
168,270
168,280
168,316
168,321
168,343
168,354
168,359
168,390
168,391
169,182
169,223
169,296
169,385
170,181
170,285
170,299
170,323
170,328
170,358
170,362
170,389
170,393
171,195
171,196
171,211
171,227
171,262
171,277
171,284
171,335
172,189
172,194
172,217
172,259
172,268
172,275
172,277
172,303
172,312
172,331
172,339
172,344
172,358
172,380
172,392
173,219
173,221
173,234
173,376
174,182
174,210
174,216
174,226
174,231
174,244
174,284
174,303
174,305
174,306
174,321
174,327
174,349
174,367
175,176
175,185
175,247
175,249
175,258
175,265
175,272
175,287
175,288
175,340
175,345
175,355
175,368
176,203
176,208
176,209
176,211
176,220
176,228
176,246
176,248
176,263
176,281
176,305
176,318
176,343
176,357
176,379
176,383
177,179
177,258
177,320
177,385
177,386
177,398
178,193
178,212
178,262
178,276
178,291
179,197
179,213
179,313
179,322
180,265
180,300
181,237
181,261
181,319
181,339
181,342
182,216
182,230
182,244
182,260
182,277
182,281
182,315
182,317
182,325
182,333
182,354
182,393
183,187
183,194
183,211
183,284
183,307
183,312
183,315
183,336
183,338
183,346
183,347
183,354
183,355
183,356
183,385
183,387
184,232
184,247
184,269
184,304
184,326
185,210
185,233
185,242
185,271
185,291
185,335
185,350
185,361
185,388
185,393
186,195
186,208
186,220
186,226
186,228
186,254
186,266
186,281
186,313
186,336
186,359
186,361
186,390
187,204
187,206
187,268
187,280
187,281
187,299
187,314
187,322
187,340
187,345
187,363
187,373
187,375
188,240
188,317
188,333
188,357
188,369
189,216
189,231
189,249
189,264
189,272
189,275
189,283
189,284
189,313
189,363
189,372
189,374
190,292
190,303
190,346
190,394
191,220
191,224
191,249
191,255
191,286
191,301
191,321
191,331
191,335
191,347
191,348
191,388
191,392
192,203
192,204
192,206
192,260
192,272
192,304
192,307
192,311
192,323
192,328
192,346
192,397
193,273
193,326
193,357
193,369
193,396
194,221
194,274
194,276
194,289
194,362
194,378
194,383
194,393
194,399
195,219
195,231
195,233
195,313
195,321
195,331
195,334
195,350
195,375
195,383
196,229
196,230
196,279
196,291
196,299
196,302
196,315
196,353
196,383
196,396
197,279
197,294
197,329
197,337
197,345
197,379
198,265
198,267
198,275
198,285
198,303
198,327
198,354
198,357
198,397
199,216
199,228
199,249
199,254
199,286
199,313
199,359
199,367
199,372
200,279
200,281
200,357
201,298
201,304
202,207
202,210
202,242
202,262
202,267
202,286
202,299
202,306
202,315
202,374
202,390
202,392
202,397
202,398
203,230
203,256
203,273
203,282
203,283
203,285
203,287
203,301
203,331
203,375
203,384
203,391
203,393
204,228
204,243
204,286
204,287
204,314
204,336
204,364
204,384
204,396
205,267
205,286
205,289
205,320
205,364
205,368
205,374
206,207
206,219
206,220
206,242
206,262
206,267
206,268
206,285
206,300
206,311
206,393
206,394
206,396
207,208
207,288
207,292
207,307
207,318
207,335
207,351
207,363
207,384
208,242
208,247
208,301
208,316
208,335
208,340
208,355
208,359
208,361
208,362
209,212
209,243
209,254
209,305
209,309
209,314
209,350
210,211
210,221
210,252
210,259
210,269
210,272
210,287
210,291
210,359
210,367
210,378
210,383
210,394
210,398
211,230
211,260
211,267
211,269
211,282
211,285
211,302
211,310
211,314
211,331
211,360
211,365
211,367
211,368
211,397
212,222
212,225
212,226
212,227
212,230
212,260
212,274
212,280
212,281
212,282
212,283
212,287
212,288
212,308
212,317
212,318
212,334
212,341
212,343
212,354
212,361
212,364
212,374
213,221
213,251
213,290
213,316
213,327
213,337
213,358
214,256
214,286
215,235
215,275
215,324
216,246
216,254
216,266
216,269
216,275
216,284
216,285
216,309
216,313
216,325
216,335
216,340
216,353
216,365
217,225
217,253
217,266
217,269
217,285
217,291
217,306
217,314
217,355
217,375
218,321
219,246
219,247
219,270
219,274
219,287
219,309
219,315
219,322
219,395
220,226
220,249
220,283
220,289
220,309
220,338
220,339
220,343
221,229
221,233
221,267
221,276
221,315
221,351
221,353
221,388
222,240
222,242
222,254
222,262
222,282
222,284
222,305
222,315
222,316
222,327
222,336
222,338
222,350
222,353
222,383
222,397
222,398
223,233
224,247
224,305
224,335
224,338
224,363
224,365
224,372
224,375
224,383
224,392
225,234
225,249
225,358
225,372
225,376
226,228
226,229
226,230
226,233
226,239
226,250
226,265
226,274
226,275
226,286
226,325
226,343
226,359
226,374
227,239
227,246
227,272
227,274
227,276
227,277
227,293
227,314
227,327
227,338
227,352
227,362
227,364
227,383
227,385
227,397
228,236
228,254
228,270
228,288
228,312
228,318
228,329
228,331
228,334
228,373
228,386
229,236
229,258
229,265
229,273
229,274
229,277
229,352
229,363
229,372
229,373
229,375
229,376
229,378
229,393
230,263
230,275
230,288
230,313
230,323
230,394
231,268
231,270
231,307
231,309
231,321
231,361
231,364
232,263
233,259
233,321
233,348
233,350
233,367
233,378
233,391
234,239
234,298
234,305
234,339
234,399
235,256
235,370
236,268
236,270
236,281
236,283
236,287
236,309
236,320
236,377
236,391
237,278
237,370
237,397
238,263
238,269
238,277
238,299
238,307
238,312
238,336
238,365
238,372
238,392
238,399
239,257
239,262
239,269
239,274
239,281
239,286
239,327
239,347
239,388
239,392
240,297
240,314
240,330
240,353
241,307
241,360
241,380
242,247
242,248
242,276
242,285
242,293
242,299
242,306
242,334
243,262
243,335
243,338
243,366
243,375
243,377
244,265
244,314
244,322
244,334
244,359
245,292
246,266
246,268
246,272
246,277
246,282
246,306
246,334
247,248
247,305
247,323
247,330
247,340
247,371
247,390
248,249
248,259
248,273
248,304
248,314
248,327
248,345
248,383
248,388
248,399
249,255
249,293
249,362
249,395
250,298
250,314
250,352
250,373
250,394
251,374
252,259
252,288
252,336
252,347
252,352
252,361
253,255
253,257
253,292
253,313
253,317
253,350
253,351
253,359
253,372
253,397
254,255
254,270
254,286
254,302
254,314
254,315
254,318
254,343
254,362
254,365
254,371
254,384
254,392
254,393
255,278
255,324
255,369
255,370
255,379
255,391
256,304
256,311
257,265
257,274
257,293
257,301
257,308
257,317
257,318
257,323
257,329
257,343
257,349
257,358
257,365
257,394
258,262
258,275
258,300
258,309
258,314
258,348
258,351
258,354
258,358
258,380
258,384
259,267
259,327
259,343
259,351
259,367
259,392
260,287
260,308
260,311
260,331
260,332
260,338
260,365
260,372
261,300
261,305
261,313
261,337
261,396
262,268
262,271
262,282
262,308
262,323
262,349
262,350
262,363
263,276
263,285
263,309
263,311
263,320
263,322
263,324
263,355
263,367
263,383
263,393
263,395
264,314
264,341
265,280
265,300
265,302
265,305
265,316
265,317
265,328
265,348
265,354
265,375
266,274
266,280
266,293
266,312
266,314
266,325
266,373
266,397
267,271
267,272
267,289
267,307
267,315
267,328
267,329
267,347
267,364
267,367
267,376
267,390
268,275
268,323
268,339
268,351
268,353
268,354
268,371
268,383
269,297
269,310
269,313
269,328
269,350
269,355
269,364
269,373
270,282
270,379
270,393
271,317
271,336
271,340
271,373
271,395
272,284
272,310
272,335
272,358
272,364
272,380
272,384
272,390
272,395
273,277
273,282
273,286
273,303
273,305
273,347
273,364
273,372
274,282
274,309
274,322
274,323
274,330
274,347
274,348
274,359
274,362
274,397
275,276
275,280
275,310
275,311
275,318
275,352
275,353
275,354
275,367
275,371
275,378
275,392
275,398
276,305
276,306
276,318
276,325
276,335
276,343
276,345
276,355
276,373
276,374
276,375
276,392
277,291
277,321
277,322
277,344
277,361
277,371
277,391
278,285
278,344
278,369
279,356
279,373
279,396
280,281
280,293
280,317
280,332
280,368
280,374
280,392
280,395
281,283
281,287
281,306
281,307
281,329
281,331
281,358
281,363
282,334
282,365
282,371
282,380
283,306
283,311
283,325
283,351
283,358
283,363
283,391
283,399
284,293
284,301
284,353
284,367
284,368
284,373
285,335
285,336
285,348
285,371
285,373
286,287
286,297
286,323
286,328
286,378
286,379
286,391
286,394
287,299
287,306
287,307
287,367
287,372
288,307
288,309
288,322
288,364
288,398
289,299
289,311
289,358
289,384
289,398
291,302
291,308
291,311
291,321
291,343
291,368
291,399
292,305
292,353
293,336
293,338
293,340
294,342
294,366
295,296
295,392
295,393
296,339
298,304
298,356
299,321
299,383
299,384
299,394
299,395
300,385
300,386
301,309
301,315
301,316
301,376
301,380
301,399
302,358
302,378
303,314
303,322
303,323
303,329
303,335
303,374
304,345
304,354
305,312
305,334
305,351
305,358
305,361
305,367
305,378
305,395
305,399
306,313
306,354
306,380
306,394
307,351
307,381
307,383
307,398
308,318
308,361
308,371
308,384
309,362
309,363
309,364
309,371
309,395
309,399
310,335
310,353
311,314
311,317
311,325
311,351
311,363
312,322
312,327
312,336
312,354
312,362
312,368
312,372
312,375
312,392
312,393
313,338
313,347
313,365
313,375
313,383
314,327
314,335
314,340
314,359
314,363
315,332
315,393
316,318
316,332
316,358
316,390
317,318
317,332
317,342
317,353
317,363
317,368
318,327
318,343
318,350
318,365
318,374
319,362
320,323
320,324
320,385
321,355
321,358
321,361
321,365
323,329
323,372
323,374
323,375
323,392
324,374
325,340
325,347
325,358
325,388
326,327
326,389
327,340
327,362
327,390
328,345
328,365
328,371
328,377
329,332
329,340
329,384
330,366
330,370
331,351
331,367
331,368
332,344
332,351
332,375
332,398
333,344
333,369
334,358
334,368
334,393
335,354
335,359
335,365
335,375
336,345
336,348
336,375
336,397
337,345
337,369
338,393
340,343
340,395
340,398
342,345
343,349
343,358
343,359
343,374
343,377
343,394
343,397
344,369
344,382
347,349
348,363
348,374
349,350
349,353
349,364
349,374
349,390
349,399
350,365
350,382
350,394
351,365
351,380
352,363
352,366
352,371
353,372
354,358
354,363
354,375
354,385
354,398
355,362
355,372
355,395
356,389
357,369
357,379
357,396
358,365
358,393
358,395
359,383
361,363
361,367
361,368
361,390
363,367
363,368
363,395
364,368
365,374
366,367
367,368
367,369
367,391
368,372
368,374
368,397
369,370
370,396
371,373
371,388
371,398
374,395
376,385
376,394
377,394
380,399
383,388
383,398
388,394
390,393
390,399
391,398
392,399
